id_viajeros_combined,Provincias,2018M01_Residentes en Espana,2018M01_Residentes en el Extranjero,2018M02_Residentes en Espana,2018M02_Residentes en el Extranjero,2018M03_Residentes en Espana,2018M03_Residentes en el Extranjero,2018M04_Residentes en Espana,2018M04_Residentes en el Extranjero,2018M05_Residentes en Espana,2018M05_Residentes en el Extranjero,2018M06_Residentes en Espana,2018M06_Residentes en el Extranjero,2018M07_Residentes en Espana,2018M07_Residentes en el Extranjero,2018M08_Residentes en Espana,2018M08_Residentes en el Extranjero,2018M09_Residentes en Espana,2018M09_Residentes en el Extranjero,2018M10_Residentes en Espana,2018M10_Residentes en el Extranjero,2018M11_Residentes en Espana,2018M11_Residentes en el Extranjero,2018M12_Residentes en Espana,2018M12_Residentes en el Extranjero,2019M01_Residentes en Espana,2019M01_Residentes en el Extranjero,2019M02_Residentes en Espana,2019M02_Residentes en el Extranjero,2019M03_Residentes en Espana,2019M03_Residentes en el Extranjero,2019M04_Residentes en Espana,2019M04_Residentes en el Extranjero,2019M05_Residentes en Espana,2019M05_Residentes en el Extranjero,2019M06_Residentes en Espana,2019M06_Residentes en el Extranjero,2019M07_Residentes en Espana,2019M07_Residentes en el Extranjero,2019M08_Residentes en Espana,2019M08_Residentes en el Extranjero,2019M09_Residentes en Espana,2019M09_Residentes en el Extranjero,2019M10_Residentes en Espana,2019M10_Residentes en el Extranjero,2019M11_Residentes en Espana,2019M11_Residentes en el Extranjero,2019M12_Residentes en Espana,2019M12_Residentes en el Extranjero,2020M01_Residentes en Espana,2020M01_Residentes en el Extranjero,2020M02_Residentes en Espana,2020M02_Residentes en el Extranjero,2020M03_Residentes en Espana,2020M03_Residentes en el Extranjero,2020M04_Residentes en Espana,2020M04_Residentes en el Extranjero,2020M05_Residentes en Espana,2020M05_Residentes en el Extranjero,2020M06_Residentes en Espana,2020M06_Residentes en el Extranjero,2020M07_Residentes en Espana,2020M07_Residentes en el Extranjero,2020M08_Residentes en Espana,2020M08_Residentes en el Extranjero,2020M09_Residentes en Espana,2020M09_Residentes en el Extranjero,2020M10_Residentes en Espana,2020M10_Residentes en el Extranjero,2020M11_Residentes en Espana,2020M11_Residentes en el Extranjero,2020M12_Residentes en Espana,2020M12_Residentes en el Extranjero,2021M01_Residentes en Espana,2021M01_Residentes en el Extranjero,2021M02_Residentes en Espana,2021M02_Residentes en el Extranjero,2021M03_Residentes en Espana,2021M03_Residentes en el Extranjero,2021M04_Residentes en Espana,2021M04_Residentes en el Extranjero,2021M05_Residentes en Espana,2021M05_Residentes en el Extranjero,2021M06_Residentes en Espana,2021M06_Residentes en el Extranjero,2021M07_Residentes en Espana,2021M07_Residentes en el Extranjero,2021M08_Residentes en Espana,2021M08_Residentes en el Extranjero,2021M09_Residentes en Espana,2021M09_Residentes en el Extranjero,2021M10_Residentes en Espana,2021M10_Residentes en el Extranjero,2021M11_Residentes en Espana,2021M11_Residentes en el Extranjero,2021M12_Residentes en Espana,2021M12_Residentes en el Extranjero,2022M01_Residentes en Espana,2022M01_Residentes en el Extranjero,2022M02_Residentes en Espana,2022M02_Residentes en el Extranjero,2022M03_Residentes en Espana,2022M03_Residentes en el Extranjero,2022M04_Residentes en Espana,2022M04_Residentes en el Extranjero,2022M05_Residentes en Espana,2022M05_Residentes en el Extranjero,2022M06_Residentes en Espana,2022M06_Residentes en el Extranjero,2022M07_Residentes en Espana,2022M07_Residentes en el Extranjero,2022M08_Residentes en Espana,2022M08_Residentes en el Extranjero,2022M09_Residentes en Espana,2022M09_Residentes en el Extranjero,2022M10_Residentes en Espana,2022M10_Residentes en el Extranjero,2022M11_Residentes en Espana,2022M11_Residentes en el Extranjero,2022M12_Residentes en Espana,2022M12_Residentes en el Extranjero
1,A CORUÃ‘A,57.188,14.014,65.662,16.209,89.761,26.044,94.942,47.970,96.543,88.112,116.477,81.602,153.479,67.530,187.362,83.274,122.425,87.336,106.921,70.710,80.528,26.098,79.191,16.504,61.720,14.508,69.370,14.507,79.408,25.439,101.211,59.056,110.184,91.799,115.170,85.363,156.522,66.236,195.776,75.809,127.009,96.970,107.150,80.071,81.633,26.033,79.816,16.713,66.694,16.962,74.172,19.758,27.983,6.964,0,0,1.989,135,18.973,1.485,93.285,11.394,137.008,17.248,71.300,9.193,49.290,7.301,19.494,2.921,19.753,2.012,16.597,1.697,16.188,1.380,31.340,2.879,38.958,2.890,51.953,7.570,94.042,17.566,181.981,31.093,238.614,38.091,155.066,50.405,131.919,52.210,87.886,20.755,72.860,12.458,51.283,10.804,72.223,13.320,82.649,24.794,119.875,57.536,119.893,97.410,132.289,94.573,194.874,82.142,232.843,80.681,150.900,105.761,131.666,94.199,94.029,28.034,79.982,18.050
2,ALBACETE,15.535,2.067,19.237,2.228,27.776,2.718,29.958,2.970,28.575,2.987,30.606,2.766,27.217,2.769,30.549,2.840,33.666,3.723,33.497,3.355,25.693,2.211,23.600,1.768,16.724,1.991,22.772,2.603,27.553,2.559,33.564,3.179,33.568,3.749,32.878,3.372,29.658,3.599,31.803,3.343,33.032,3.447,33.349,3.797,28.724,2.654,24.060,2.271,18.351,2.002,25.939,2.585,11.927,892,0,0,963,265,8.056,661,19.052,1.561,20.899,1.325,18.842,1.471,18.184,1.713,10.886,713,10.858,833,7.883,624,9.074,791,15.592,983,15.841,949,21.033,1.689,25.515,1.781,28.908,1.904,32.897,2.407,29.538,2.961,32.249,2.984,23.843,2.735,21.998,1.812,15.963,1.525,20.754,2.755,25.686,2.440,33.808,3.040,31.837,3.871,31.137,3.350,29.234,3.624,33.219,4.218,34.265,3.715,32.825,3.847,26.850,3.848,23.932,2.356
3,ALICANTE,121.926,99.916,146.024,104.706,197.035,151.379,207.360,184.480,175.980,216.679,227.981,203.655,288.277,209.909,317.183,204.241,199.793,228.751,174.884,205.717,165.236,136.527,165.309,106.513,138.245,100.324,163.790,113.873,188.843,146.402,208.067,176.826,198.944,203.063,255.803,197.779,317.906,208.572,366.796,205.907,211.311,217.481,189.099,193.405,181.122,137.583,158.795,102.588,119.686,97.449,179.749,115.921,66.270,70.694,0,0,2.021,378,28.692,3.750,172.389,44.885,263.321,55.719,127.606,26.354,100.070,24.438,44.674,11.186,53.698,12.153,26.735,8.012,22.719,4.684,53.051,9.187,74.600,12.563,133.769,28.038,238.968,49.979,348.139,85.451,393.893,127.562,228.753,116.046,200.707,140.659,123.399,92.713,128.079,61.512,75.778,49.765,133.494,78.422,135.526,124.360,221.231,168.677,209.441,196.679,253.485,195.961,319.351,217.146,341.418,219.568,209.071,210.661,186.149,187.378,169.490,123.020,163.532,97.349
4,ALMERIA,27.864,10.077,46.952,12.173,71.626,17.147,81.800,23.033,85.566,39.624,139.785,44.055,172.091,49.047,205.644,57.449,139.448,47.759,78.403,34.288,47.744,12.389,40.198,8.725,28.943,9.840,47.938,11.589,65.238,15.701,83.625,22.913,90.987,37.121,152.103,43.429,183.540,50.716,212.170,51.605,131.278,44.213,66.503,30.542,46.491,14.050,42.212,10.164,30.896,11.505,57.051,14.311,24.332,7.936,0,0,1.197,77,25.184,2.973,92.571,8.907,120.895,10.512,67.997,8.239,32.091,6.170,13.172,2.678,11.269,2.219,10.078,2.627,10.712,1.767,14.623,2.777,16.155,3.440,37.240,5.832,107.549,10.941,172.883,16.631,209.996,20.009,133.713,26.258,67.943,21.944,32.281,10.937,30.542,9.503,22.290,9.007,39.146,10.284,42.511,13.274,70.416,19.025,90.422,28.431,153.172,32.084,189.343,39.566,206.936,41.392,142.904,34.974,71.229,26.150,38.622,12.693,33.013,10.226
5,ARABA/ALAVA,17.992,5.147,17.968,3.800,25.487,5.871,24.296,9.504,26.219,14.128,25.765,12.275,25.447,18.632,29.915,21.103,26.667,13.686,27.331,11.095,24.242,5.670,23.938,4.388,16.773,4.936,18.494,4.091,24.469,6.301,25.217,9.287,24.213,11.883,25.669,11.800,25.364,17.327,30.495,19.250,26.055,13.861,26.593,10.085,24.533,6.081,24.722,4.623,18.569,5.416,20.938,4.646,8.491,2.797,0,0,826,256,6.594,1.043,16.245,5.498,20.302,6.705,15.353,2.615,15.012,3.005,6.116,1.449,6.626,1.647,6.823,2.155,6.304,1.226,12.678,1.986,12.639,2.098,15.377,2.643,20.582,4.264,28.214,10.619,38.753,12.265,26.044,10.044,29.148,9.204,22.056,6.302,21.270,4.488,14.076,4.006,18.289,4.280,23.209,6.003,26.586,8.969,25.469,11.329,24.420,13.411,28.057,20.638,31.811,20.632,26.529,14.493,28.037,10.666,24.043,6.280,24.316,5.299
6,ASTURIAS,52.984,6.395,66.605,6.939,105.560,11.611,113.168,20.558,116.309,36.277,141.977,37.141,176.641,43.970,233.310,47.865,165.911,46.010,122.283,25.533,87.564,10.631,77.695,9.992,49.932,6.853,64.514,6.649,90.928,10.388,126.500,23.355,117.035,37.835,138.889,43.646,187.345,46.292,238.099,48.908,165.862,47.607,121.341,25.737,82.364,12.489,78.908,10.159,61.541,6.817,76.363,7.954,29.585,3.282,0,0,3.518,138,26.906,1.226,166.445,10.895,222.433,12.523,119.811,6.828,59.029,4.248,11.044,879,13.607,981,14.461,949,14.241,752,20.525,1.531,22.616,1.423,53.731,3.754,104.946,10.550,202.996,23.260,255.261,24.660,168.682,27.110,138.046,22.129,76.339,9.853,71.660,6.711,50.991,4.456,65.177,5.964,75.718,8.725,118.092,20.394,110.048,33.637,138.932,38.820,200.203,41.964,226.348,48.464,156.490,44.737,132.523,28.491,84.090,10.322,77.550,8.345
7,AVILA,17.194,2.284,20.167,1.572,26.247,3.008,25.372,4.437,25.783,5.647,29.239,4.984,31.184,4.347,41.506,4.343,40.296,5.487,43.810,6.159,25.208,2.780,25.480,2.111,15.796,2.067,21.049,1.390,28.263,3.252,28.598,4.601,27.815,7.310,30.373,5.403,29.723,5.181,40.391,5.152,39.418,6.793,41.236,5.832,24.781,2.785,24.812,2.384,18.952,2.035,26.499,2.347,8.368,1.051,0,0,.,0,.,.,19.257,787,27.404,1.246,15.670,700,12.296,727,5.369,281,4.300,502,2.822,139,4.096,189,6.107,284,6.581,223,12.457,735,20.421,1.250,27.190,1.618,42.517,2.427,27.677,2.970,29.246,3.279,19.144,1.902,19.749,1.802,14.149,1.219,17.457,1.824,18.555,1.925,27.767,3.566,28.581,4.333,25.157,4.412,28.580,3.802,38.894,4.301,30.647,5.149,29.933,5.000,22.857,2.303,21.731,2.257
8,BADAJOZ,27.775,6.205,35.778,7.550,48.088,10.049,50.502,14.520,52.196,16.847,52.809,13.350,61.262,14.444,69.687,17.904,55.209,13.574,57.559,13.591,48.034,9.503,39.521,8.057,31.790,7.919,37.878,8.819,49.850,12.518,55.554,15.031,54.919,17.868,48.781,14.255,57.527,16.432,69.180,18.644,56.567,15.636,53.610,17.316,42.641,13.634,38.074,9.569,32.208,10.322,40.894,7.784,18.062,4.090,0,0,4.422,443,13.648,982,32.047,2.898,43.256,4.985,32.034,2.891,27.799,2.985,17.770,1.448,17.650,2.081,10.650,1.179,12.525,757,18.992,1.305,19.319,1.391,34.878,3.432,41.639,5.612,54.103,6.653,64.227,9.883,55.209,7.201,54.585,9.120,46.185,6.143,37.215,3.481,26.897,3.534,41.121,5.203,43.846,6.404,59.035,10.053,53.779,8.775,54.271,11.197,62.813,14.142,71.387,16.665,60.489,11.103,56.354,9.535,44.154,6.270,38.340,5.775
9,BARCELONA,227.550,471.780,237.784,517.605,271.688,650.642,279.387,754.207,281.616,902.743,305.445,922.193,304.812,971.593,258.625,974.489,267.880,897.249,279.446,854.395,251.166,617.326,252.354,527.551,223.604,523.192,246.639,567.700,274.545,687.059,268.024,841.938,292.465,937.917,296.029,978.776,297.667,1.030.428,254.028,1.030.887,245.882,922.834,273.040,910.533,246.900,657.009,242.449,561.939,220.231,558.358,244.403,550.665,107.587,200.684,0,0,3.512,2.728,38.071,14.106,112.921,103.074,156.639,109.944,126.463,65.553,97.484,52.837,73.902,26.517,102.504,39.058,86.559,32.395,105.398,33.594,128.268,45.321,121.877,61.215,170.728,118.233,223.044,193.353,256.228,338.373,254.957,494.193,227.239,397.293,261.136,472.869,214.384,376.574,233.136,305.119,183.731,235.175,220.732,360.443,258.640,479.869,297.090,657.737,292.049,788.946,303.980,836.187,335.624,926.342,283.775,950.248,296.716,845.137,316.090,837.958,267.015,555.341,264.577,478.479
10,BIZKAIA,58.596,23.397,61.115,26.727,79.889,35.660,76.648,48.563,75.276,66.135,79.233,60.320,83.337,72.840,92.203,82.335,77.843,69.009,80.478,59.532,78.410,34.801,79.079,26.505,60.595,23.868,64.902,26.105,81.938,38.407,77.865,58.998,72.656,67.915,77.715,63.566,86.026,77.563,93.989,85.071,73.157,80.402,84.249,65.279,81.685,36.213,81.850,31.163,61.740,27.362,71.867,37.907,28.754,15.552,0,0,1.666,67,15.924,1.732,56.178,18.585,63.977,23.631,45.849,10.295,40.192,10.125,18.261,3.147,24.106,4.033,22.762,3.798,23.121,3.226,36.746,5.064,37.627,5.069,41.145,8.394,53.137,15.043,78.618,33.758,109.113,47.135,76.472,40.970,86.673,41.376,70.764,30.204,62.072,20.582,43.582,14.084,60.525,18.391,67.728,28.981,78.300,52.795,76.646,61.952,79.859,62.479,97.637,87.345,101.780,87.215,81.732,74.437,83.235,59.291,73.183,33.199,75.258,27.780
11,BURGOS,29.157,9.145,33.270,8.297,50.345,14.261,48.334,22.373,49.858,32.880,46.176,30.152,52.401,46.394,71.868,51.115,52.586,37.923,50.800,28.659,43.039,12.011,40.442,11.412,26.218,8.286,32.058,8.979,48.169,15.486,49.899,23.762,50.988,31.505,51.932,28.805,54.048,46.809,75.608,54.619,54.459,39.106,54.663,28.640,39.782,12.458,41.668,12.559,31.931,9.814,38.124,10.545,9.208,3.922,0,0,332,64,7.120,1.963,30.614,14.426,41.573,16.422,26.009,6.698,17.515,6.061,7.316,2.106,8.281,2.913,8.271,2.001,9.038,1.506,11.817,2.562,15.015,2.056,22.134,4.470,33.498,8.007,49.947,22.395,77.226,23.167,51.395,21.062,56.241,19.605,39.043,10.830,33.229,8.763,25.249,8.436,36.617,8.556,41.771,11.765,54.790,20.614,48.883,28.483,47.883,27.486,54.521,44.427,76.550,54.722,58.725,32.446,57.168,26.209,45.390,11.971,38.885,11.458
12,CACERES,28.320,4.502,36.049,4.790,48.621,6.737,56.492,11.031,51.262,13.745,50.299,10.268,56.657,9.904,72.455,13.395,51.732,12.454,53.937,10.864,44.633,6.783,38.071,6.230,29.458,5.002,33.569,4.798,50.888,9.063,61.087,12.644,51.187,14.774,53.306,10.583,56.937,11.114,72.306,13.255,50.071,12.795,50.764,11.605,42.398,7.466,36.684,5.281,31.251,5.767,40.058,4.576,17.204,2.102,0,0,1.173,126,8.099,590,34.491,3.277,50.838,4.216,32.471,2.479,25.504,2.712,15.765,1.106,14.056,1.025,6.296,508,9.931,626,21.470,802,16.831,1.139,28.849,1.845,42.015,3.401,53.845,5.175,73.891,5.608,53.884,6.779,52.223,7.542,39.696,5.267,36.017,3.691,26.424,3.101,36.899,4.022,42.026,5.420,59.719,9.711,47.993,11.463,51.317,8.766,54.390,8.945,62.308,10.673,54.099,11.130,52.986,10.543,44.120,5.448,35.233,4.596
13,CADIZ,57.390,33.638,88.953,41.295,99.336,61.678,119.365,90.052,147.191,116.127,183.336,106.575,222.518,97.068,267.844,105.102,181.152,122.778,140.127,119.005,80.772,47.116,84.058,35.633,59.697,38.270,88.920,41.811,113.143,63.088,147.304,98.247,171.546,115.138,199.607,108.386,252.153,106.501,276.749,98.600,185.473,122.805,132.894,115.547,82.454,50.486,86.914,36.252,59.955,39.525,112.306,42.024,39.148,33.237,0,0,3.731,272,60.178,6.238,204.896,27.930,252.194,32.846,144.588,20.620,75.462,13.730,23.360,5.816,29.400,6.299,23.294,3.902,25.622,4.501,33.194,7.203,37.357,9.743,126.245,20.041,221.857,31.653,288.620,50.220,295.666,51.609,214.846,64.928,138.206,66.742,72.374,31.352,69.023,18.924,49.164,17.547,80.010,27.531,85.986,39.880,163.824,76.934,197.200,89.603,232.757,93.969,289.088,91.039,287.126,88.755,210.507,105.865,139.809,93.863,87.654,35.834,81.711,26.123
14,CANTABRIA,37.410,6.534,40.661,6.477,69.324,10.173,82.085,18.903,75.955,32.927,93.436,34.999,140.844,39.940,179.915,38.782,109.610,42.470,80.874,23.879,57.036,8.250,46.777,7.307,33.436,6.318,44.969,6.545,66.250,9.440,91.632,21.194,80.493,32.462,104.402,36.191,147.180,40.070,174.061,41.393,109.582,43.770,80.084,27.964,54.366,10.170,51.312,8.436,42.180,7.668,47.170,9.183,22.968,4.666,0,0,796,70,16.674,1.593,128.918,14.213,170.793,14.114,80.866,7.001,41.686,5.431,7.965,1.432,9.628,1.495,13.683,1.293,16.225,1.528,16.481,1.569,15.971,1.670,36.882,3.597,84.606,9.699,140.488,21.235,174.182,24.753,114.827,27.647,83.428,20.532,45.734,8.404,36.811,6.565,29.916,5.799,45.163,6.899,51.803,10.609,87.206,20.254,83.590,33.629,97.488,32.505,155.081,39.091,168.066,40.543,114.132,44.773,84.567,27.590,49.866,10.320,45.068,7.984
15,CASTELLON,29.803,6.982,50.614,10.967,83.183,13.711,82.482,18.571,82.072,20.286,117.786,17.639,134.039,20.628,153.012,22.092,111.986,23.937,78.146,20.662,53.292,9.524,42.354,9.460,33.069,8.317,51.377,10.144,73.679,14.513,93.638,19.766,87.454,19.677,129.278,19.379,143.804,21.820,163.093,26.674,106.794,24.978,75.997,24.915,55.253,10.332,44.551,9.724,30.804,7.889,54.588,11.353,21.874,3.965,0,0,1.044,63,14.633,1.135,72.973,8.886,99.835,10.633,63.987,6.818,38.161,6.760,19.130,2.119,17.444,2.305,8.889,2.275,9.463,1.590,20.098,2.779,28.043,3.077,41.582,5.722,99.185,8.697,136.502,13.267,158.857,15.941,101.612,16.693,76.431,14.643,41.782,9.834,34.020,7.393,20.213,6.080,33.824,10.203,46.342,10.901,94.760,19.320,85.605,21.038,118.470,19.592,131.937,24.499,146.163,27.952,103.521,26.445,69.502,19.394,40.063,9.960,33.850,8.314
16,CIUDAD REAL,20.597,2.547,24.666,3.252,32.256,3.338,32.039,5.254,32.533,5.621,33.358,4.276,34.777,6.059,38.790,7.414,35.826,5.452,36.278,6.382,32.546,4.154,26.086,3.896,20.386,3.273,22.901,2.967,29.091,3.826,31.595,6.411,35.035,6.402,33.814,5.542,35.195,6.416,38.399,7.718,31.345,5.444,34.736,5.911,31.459,3.939,27.637,2.536,20.295,3.393,27.322,3.018,11.934,891,0,0,1.122,200,7.137,546,18.835,1.852,22.192,2.111,16.994,1.357,16.080,1.463,9.944,939,9.223,564,6.708,500,8.662,616,13.383,561,13.981,1.168,20.354,1.228,25.730,1.943,30.967,2.712,34.778,3.465,29.441,3.368,36.045,4.213,29.530,2.943,23.886,2.055,18.730,1.955,25.710,2.526,26.333,2.564,37.757,3.585,34.770,4.079,34.533,4.623,38.090,5.139,37.757,5.385,35.737,5.072,36.071,4.679,28.964,3.195,24.316,2.856
17,CORDOBA,46.368,19.863,52.576,27.905,62.738,34.344,63.770,53.949,66.652,56.190,57.873,42.150,52.413,39.433,58.090,41.361,56.310,52.168,63.227,54.362,62.345,29.814,59.894,26.924,48.498,21.450,57.665,27.421,68.778,37.603,65.118,57.635,74.549,59.038,58.777,46.460,53.112,37.322,61.463,39.991,58.235,48.511,60.869,54.008,59.462,32.939,58.949,27.866,46.380,28.258,58.567,27.763,25.788,10.945,0,0,594,31,8.575,552,23.740,5.435,33.843,7.921,34.816,5.054,35.021,5.912,10.849,884,15.518,1.632,13.157,1.124,11.889,835,17.088,1.925,18.233,2.023,42.282,7.734,44.713,9.542,44.783,15.611,55.718,19.358,54.699,23.098,60.689,29.146,58.095,22.281,48.686,15.962,40.303,13.587,53.129,17.414,54.895,26.537,65.504,39.625,64.872,43.781,53.379,32.670,47.748,24.964,56.282,31.168,57.170,41.354,62.365,44.698,59.044,26.774,53.101,.
18,CUENCA,14.856,1.515,16.484,1.430,22.565,2.295,24.328,2.593,21.975,3.978,23.562,3.277,23.161,4.656,36.052,3.694,26.101,4.034,27.982,4.105,21.882,2.812,20.559,1.937,14.755,1.606,17.554,1.666,22.804,2.547,25.962,3.218,22.497,5.230,23.864,4.778,24.339,3.946,35.626,4.106,25.210,4.413,25.944,4.224,20.812,2.529,19.425,1.955,14.279,2.011,20.210,1.485,9.851,970,0,0,275,62,3.212,160,15.358,1.819,25.237,2.068,18.512,1.430,14.152,1.137,4.538,291,4.694,350,2.774,390,5.112,231,9.168,564,9.633,504,13.187,920,19.970,1.441,23.509,2.803,36.555,3.431,25.659,3.206,25.206,3.965,20.125,2.333,16.834,2.046,13.439,1.514,17.774,1.927,18.877,1.936,25.436,3.632,22.236,4.284,22.035,3.779,26.453,3.320,31.288,3.506,24.969,3.573,26.074,4.125,20.991,2.569,17.175,1.556
19,GIPUZKOA,38.377,20.150,42.850,21.728,59.186,29.460,55.485,42.767,49.151,61.249,52.125,57.960,54.710,63.137,66.847,64.738,53.063,57.914,54.838,48.488,56.957,26.447,47.718,25.170,40.396,22.913,46.128,23.727,59.192,30.444,59.921,45.360,53.035,58.737,51.436,64.885,58.592,67.463,64.330,69.840,52.153,63.002,56.188,55.288,52.278,29.257,45.884,26.639,39.109,25.938,47.781,23.810,21.767,11.086,0,0,1.673,312,13.606,4.519,50.157,34.284,61.224,39.590,45.300,19.013,29.060,14.930,11.212,3.887,13.798,5.586,14.156,6.483,12.924,4.151,27.763,5.816,28.987,6.001,30.715,14.598,51.253,20.843,79.123,45.096,93.256,52.437,65.488,46.328,74.213,47.496,53.623,30.485,45.767,26.521,34.508,21.825,48.356,26.408,53.037,31.919,66.252,46.930,56.910,61.060,55.951,65.157,62.091,80.861,69.437,77.361,58.492,71.154,62.028,59.156,57.573,37.501,53.999,31.197
20,GIRONA,64.875,48.248,81.907,48.791,145.530,112.782,133.797,178.862,153.373,251.090,189.588,284.740,212.065,323.110,269.553,333.396,183.844,292.245,126.091,217.264,80.166,59.745,89.725,44.634,62.597,45.945,86.862,58.785,126.219,101.640,149.990,196.990,134.497,254.088,205.411,300.355,211.371,330.070,263.556,387.191,170.976,282.928,121.294,219.936,88.950,76.766,95.664,51.658,68.163,44.112,93.527,65.473,38.205,29.969,0,0,1.002,300,45.154,16.623,197.564,107.813,324.492,107.544,178.692,55.528,59.494,35.020,14.092,7.159,25.094,12.429,19.655,9.536,20.307,7.823,54.216,13.155,52.793,14.445,121.192,47.911,214.970,79.844,268.879,161.972,350.951,226.811,187.260,150.921,151.193,142.025,76.945,57.529,105.791,39.360,81.482,30.145,92.785,55.588,94.875,53.608,172.924,156.628,148.939,230.522,255.088,254.234,244.445,343.860,273.522,354.716,176.025,277.909,148.190,202.899,75.232,64.016,101.790,53.654
21,GRANADA,130.894,72.883,146.141,87.031,155.220,110.442,129.146,146.232,117.460,158.432,123.204,132.711,128.764,117.170,164.413,128.677,132.646,143.773,124.322,151.102,119.524,84.934,154.416,83.045,126.574,91.116,153.073,91.818,151.334,122.120,147.366,154.489,134.335,172.191,141.554,142.513,142.849,124.127,176.864,137.560,135.183,159.599,126.392,166.279,121.171,103.224,151.721,96.926,132.443,108.642,152.722,96.150,61.173,35.996,0,0,1.938,122,18.938,1.822,76.769,13.458,117.740,17.585,87.084,11.700,58.248,9.666,10.884,1.456,26.437,5.184,27.424,5.876,22.322,2.963,34.944,6.022,32.676,5.895,59.341,11.524,99.172,19.283,128.748,35.002,174.587,46.128,134.229,53.627,141.977,65.538,110.446,43.564,124.612,38.889,110.796,38.615,145.351,44.443,129.162,60.519,159.647,92.073,130.377,97.455,141.675,89.059,137.410,88.681,167.963,96.847,142.538,103.293,139.347,101.210,108.565,56.469,133.853,57.664
22,GUADALAJARA,12.437,4.055,17.995,2.831,20.714,3.613,25.458,3.146,23.162,4.015,26.742,4.659,28.088,3.471,23.210,4.134,24.299,3.935,25.943,4.315,21.033,3.179,18.867,2.763,14.026,1.778,16.032,2.629,23.056,3.254,25.045,3.228,22.680,3.784,25.146,4.128,24.601,3.507,24.107,3.399,22.340,3.547,24.974,4.672,22.089,2.524,18.430,2.242,13.327,2.135,18.717,2.449,7.631,1.139,0,0,1.322,130,4.567,506,14.797,1.292,15.963,959,12.419,977,12.123,966,8.112,555,8.483,727,5.095,738,6.454,701,8.557,516,10.223,793,15.230,1.120,17.698,1.047,21.007,1.652,21.763,2.102,19.211,2.364,22.711,2.384,17.099,1.739,16.264,1.179,11.320,1.130,15.208,1.708,15.407,2.935,21.601,2.628,20.954,3.635,22.873,2.492,25.665,2.924,20.045,2.882,21.654,3.020,20.906,3.234,19.332,3.138,15.923,1.838
23,HUELVA,16.638,5.713,36.262,6.192,47.942,9.136,53.540,19.308,60.026,30.565,82.218,31.458,123.485,25.705,127.727,27.671,94.359,34.553,55.240,21.213,39.943,9.869,20.719,3.505,19.559,5.759,37.123,5.178,47.559,9.568,55.857,33.891,88.980,31.659,104.973,41.367,133.246,27.231,132.707,31.270,97.167,36.063,57.930,21.844,31.345,5.537,19.990,3.144,22.260,3.727,40.988,4.763,17.540,4.379,0,0,268,64,13.529,630,94.807,5.754,117.513,9.119,64.262,6.767,24.458,2.736,5.158,559,7.249,625,6.814,1.081,5.895,571,9.481,1.255,8.088,1.116,33.599,2.834,108.203,14.619,146.112,11.194,157.873,16.256,103.831,20.209,54.581,14.526,23.478,5.263,17.984,2.252,16.276,2.493,29.081,4.256,29.366,7.939,67.411,19.142,99.375,26.197,112.339,35.350,143.959,27.963,136.330,32.493,104.723,38.203,60.410,22.767,32.912,9.331,20.506,5.088
24,HUESCA,65.222,5.120,70.541,9.240,74.585,7.531,45.429,7.918,32.880,13.073,50.911,17.568,79.662,22.563,112.351,25.465,63.358,19.789,47.383,9.883,27.508,4.425,50.230,3.992,42.934,3.540,69.575,8.853,71.579,8.547,53.503,8.300,39.389,15.305,62.928,20.077,83.402,22.080,115.477,25.608,61.507,19.308,46.944,12.346,28.219,3.849,63.375,5.223,68.290,4.864,74.056,7.761,28.712,2.950,0,0,711,46,10.526,837,56.301,11.112,92.501,13.240,47.631,6.199,31.411,4.394,4.828,469,5.507,442,5.163,513,6.407,346,15.847,1.146,23.554,1.342,21.704,2.801,47.270,6.965,91.120,13.386,121.473,15.364,64.501,15.883,56.841,11.376,25.549,4.286,56.175,5.007,69.769,4.220,67.726,7.734,56.110,5.387,58.675,8.947,38.692,14.385,53.713,17.937,86.845,23.766,103.481,24.154,60.299,21.693,47.588,11.826,23.507,3.968,50.705,4.647
25,ILLES BALEARS,27.144,38.157,64.600,83.217,89.468,180.302,94.236,459.838,159.954,1.233.891,172.865,1.472.147,176.438,1.584.076,188.843,1.515.180,151.240,1.411.660,142.964,881.253,45.450,58.161,30.396,61.330,26.306,33.085,51.587,79.968,73.394,184.534,112.304,546.683,168.744,1.237.844,187.072,1.467.241,198.977,1.604.594,218.030,1.601.142,167.143,1.403.608,119.164,895.159,45.381,73.047,28.477,58.580,26.331,41.350,57.578,84.874,26.387,55.721,0,0,1.878,158,17.945,5.824,105.212,263.839,209.986,256.226,103.005,59.404,38.554,26.885,16.747,6.326,12.958,6.040,8.309,3.074,10.810,3.913,15.381,15.856,26.370,46.977,59.370,161.116,172.410,415.541,217.216,837.887,281.919,894.903,181.723,822.354,141.008,620.531,33.690,54.627,27.267,30.125,20.603,21.528,42.557,50.067,60.834,141.624,111.992,515.508,174.365,1.204.285,238.985,1.503.440,242.215,1.662.644,284.123,1.670.321,187.516,1.430.997,167.105,905.023,44.337,66.857,35.980,44.716
26,JAEN,23.234,3.272,28.695,3.743,38.382,4.442,43.108,7.794,44.872,10.278,42.913,6.630,38.631,6.427,46.551,7.117,42.626,9.148,45.413,6.951,38.747,4.227,35.493,3.189,22.955,2.470,30.503,2.821,38.403,4.671,43.105,7.615,44.182,10.302,41.747,6.253,35.995,6.018,44.191,7.571,39.465,9.631,44.797,7.401,36.212,4.091,37.678,3.624,24.912,3.077,35.184,3.497,14.000,1.424,0,0,1.157,53,7.229,412,26.225,1.912,38.567,1.991,29.943,1.417,27.099,1.383,11.822,464,9.863,651,8.478,631,9.150,419,13.241,672,14.285,624,25.337,2.159,30.752,1.787,39.040,2.266,52.390,3.789,46.516,4.355,52.856,5.328,41.615,3.142,31.905,2.364,21.376,2.093,32.769,2.511,34.122,3.539,50.678,5.269,44.522,7.100,41.171,5.760,42.519,5.399,46.120,6.509,45.620,7.743,47.486,6.433,36.424,4.334,33.437,3.342
27,LA RIOJA,23.313,3.029,27.875,3.131,36.308,5.347,37.603,9.925,36.384,17.083,37.220,13.659,41.474,10.798,55.600,11.892,41.114,20.547,42.904,11.482,39.730,4.709,32.402,3.035,22.917,2.904,27.687,3.277,35.933,4.809,38.068,11.560,37.498,19.390,37.572,14.027,39.729,11.777,58.566,12.727,39.831,21.183,42.249,13.909,37.431,5.879,30.578,3.295,25.064,3.331,33.297,4.201,9.310,1.450,0,0,807,34,5.184,636,24.751,3.450,33.906,3.365,19.897,2.585,14.978,1.931,5.156,662,6.028,857,4.127,487,4.493,453,8.978,929,8.558,1.050,17.531,1.881,23.854,3.725,36.695,5.986,61.963,9.234,40.716,12.728,44.285,9.545,33.031,3.909,25.015,3.132,16.581,2.273,24.736,3.264,27.001,5.222,39.257,10.381,34.706,16.442,34.665,13.543,40.958,11.233,55.047,13.168,39.576,17.525,41.755,11.233,33.209,4.994,28.079,3.326
28,LAS PALMAS,47.176,400.798,47.837,410.837,70.028,452.820,75.055,398.917,78.743,364.111,103.147,371.985,122.210,410.128,145.691,399.516,103.753,375.219,87.850,443.753,59.201,381.776,64.746,383.645,53.324,379.888,53.264,379.827,62.893,428.440,88.465,397.078,104.852,336.415,120.796,351.019,137.367,379.233,162.588,367.361,115.134,333.552,87.187,402.558,67.148,372.728,71.369,372.199,54.545,369.812,63.139,420.264,28.950,178.491,0,0,602,231,5.658,1.264,65.775,68.017,132.430,92.967,86.725,25.754,63.873,42.024,29.989,52.083,38.345,64.394,22.561,28.751,28.100,19.578,40.217,29.938,50.344,33.400,68.670,49.815,96.552,88.317,149.497,167.453,193.222,231.111,133.112,235.277,103.897,392.785,66.627,357.111,74.704,308.739,49.378,259.184,62.589,340.660,68.893,394.383,101.633,398.435,118.115,339.220,134.181,345.581,150.193,401.861,166.313,411.778,127.884,355.596,103.601,442.136,70.914,398.047,81.178,427.039
29,LEON,24.425,2.602,28.815,2.482,44.322,5.230,46.498,13.925,43.908,28.427,48.592,20.938,61.164,18.596,72.917,23.654,56.285,32.495,55.968,21.166,41.967,4.290,36.731,2.655,25.980,2.361,33.586,2.889,43.427,5.882,55.150,14.546,51.916,28.601,55.778,27.144,67.247,17.350,82.561,21.990,58.384,29.544,55.877,22.030,40.220,6.039,40.259,3.352,30.404,3.296,40.586,3.759,13.584,1.177,0,0,.,.,.,.,31.929,2.814,55.578,4.090,31.510,2.926,16.103,2.132,10.054,1.170,10.834,1.024,7.996,694,8.159,541,14.953,1.192,18.803,965,25.673,2.141,37.810,4.283,61.004,8.321,95.422,10.597,59.528,15.875,61.746,12.438,39.687,4.920,31.915,2.962,25.822,2.339,36.122,2.837,40.517,4.767,57.409,14.238,57.538,29.475,62.498,25.345,69.805,18.213,93.670,20.310,68.951,27.767,63.344,20.706,40.075,5.068,32.779,2.822
30,LLEIDA,63.133,14.075,66.325,20.661,83.286,17.258,44.776,9.228,41.103,11.274,55.459,14.727,75.142,16.947,99.503,19.428,59.863,20.350,56.768,9.387,36.925,6.601,65.857,9.478,50.534,12.660,65.587,19.056,68.546,20.176,56.990,8.871,49.712,12.015,69.613,16.131,78.416,17.458,109.351,20.229,61.044,17.006,56.807,11.910,38.503,6.314,74.676,10.735,62.594,13.340,72.485,20.383,33.110,8.107,0,0,638,14,11.124,1.031,48.149,5.840,92.226,5.138,51.398,4.024,28.866,2.557,8.316,613,22.484,1.965,19.559,2.486,10.768,1.389,26.637,2.374,23.235,1.648,31.956,2.788,49.037,5.270,80.588,10.632,106.190,12.194,60.160,11.002,60.363,8.955,32.997,4.472,68.826,10.825,62.941,12.311,70.753,20.327,59.888,14.420,54.301,9.229,44.132,9.915,60.615,12.814,74.285,19.315,99.424,19.904,54.778,15.293,51.414,10.273,30.832,5.949,67.597,9.918
31,LUGO,19.246,1.463,21.397,1.387,36.581,6.294,30.619,9.247,36.909,24.753,41.390,19.708,52.221,14.375,71.142,16.056,48.538,24.828,38.742,15.098,27.766,2.345,25.847,2.067,19.120,1.441,21.449,1.723,25.975,3.544,38.959,16.125,41.705,26.670,46.066,24.886,58.132,18.434,81.828,19.447,50.935,31.119,43.525,22.334,25.895,2.209,25.213,1.746,18.995,1.516,25.185,1.998,12.494,1.324,0,0,505,80,8.569,358,27.185,2.037,52.249,3.836,29.076,2.456,22.890,1.538,6.379,517,6.377,414,5.173,472,4.735,357,12.237,611,13.877,709,24.045,2.105,39.225,4.033,73.480,8.789,100.984,10.047,64.093,14.884,50.773,12.560,26.657,3.302,19.059,1.389,15.178,1.028,20.387,1.652,25.183,4.318,46.688,12.083,46.610,25.110,48.858,24.760,71.689,19.315,90.797,17.783,61.765,32.015,46.484,21.110,26.377,4.270,22.705,2.013
32,MADRID,514.887,349.721,530.705,375.898,564.073,466.030,520.285,521.134,562.675,538.731,575.242,553.034,516.910,570.828,481.301,476.607,554.765,560.508,559.826,602.656,581.438,466.508,598.334,394.163,504.310,368.785,528.779,393.872,579.601,499.689,544.970,520.538,568.723,604.232,577.243,595.166,528.508,589.400,470.435,515.112,504.841,574.638,564.969,610.908,561.920,496.122,569.533,412.019,536.968,391.639,562.388,391.693,194.620,142.457,0,0,11.479,3.464,85.913,15.175,161.723,48.911,139.064,45.930,177.448,46.085,142.107,36.739,167.173,38.193,200.945,46.570,181.252,46.649,196.967,43.405,235.502,61.297,232.440,61.516,316.121,97.076,371.203,119.886,376.416,179.424,363.898,193.907,452.686,256.777,564.761,321.023,528.624,294.284,528.498,241.894,386.597,182.870,484.422,236.771,525.292,323.693,555.151,396.769,550.965,460.034,554.884,461.468,480.539,480.915,448.780,406.755,550.019,498.605,582.487,521.538,593.671,410.424,620.080,347.670
33,MALAGA,98.656,144.332,131.998,158.261,170.075,236.241,164.400,343.435,157.499,403.078,191.045,392.129,238.218,366.346,284.784,348.963,158.873,411.381,146.921,363.567,119.888,171.529,123.124,138.668,101.564,150.651,144.639,168.539,167.362,246.826,182.074,357.242,184.529,405.405,219.471,393.984,278.502,369.492,316.349,365.752,187.689,421.709,158.911,377.811,141.564,186.681,144.623,149.989,118.980,172.514,180.952,197.008,75.319,100.653,0,0,1.475,45,33.300,5.124,171.860,82.501,257.881,98.874,114.661,45.886,78.185,33.676,27.867,11.569,33.614,13.827,35.051,11.489,32.358,9.641,54.084,17.179,54.893,24.718,124.090,54.272,252.019,89.994,381.978,174.818,405.728,220.569,247.187,236.110,186.441,265.201,137.552,143.382,142.779,92.359,88.951,91.950,163.580,124.117,167.811,192.994,224.104,317.492,216.312,374.336,258.698,352.500,334.995,351.335,321.902,343.423,224.895,395.299,183.271,356.494,144.414,160.002,150.406,133.820
34,MURCIA,51.753,17.721,68.105,18.286,90.263,22.843,88.448,24.509,87.097,28.661,97.960,27.971,95.837,29.292,103.924,34.472,92.830,32.093,92.728,26.553,78.702,19.062,71.122,15.400,57.170,17.735,72.584,17.844,85.874,20.897,89.782,27.006,99.257,29.592,108.029,30.501,103.567,31.918,111.832,36.446,88.808,32.313,89.015,25.955,74.430,18.711,72.428,15.248,54.035,17.780,77.128,18.909,32.874,9.508,0,0,4.446,431,24.725,2.777,62.004,9.094,72.448,9.825,47.992,6.283,39.306,6.603,20.312,2.193,26.494,2.825,19.148,2.623,24.846,2.729,37.164,3.840,40.665,4.272,53.128,7.499,78.987,12.673,101.987,16.397,112.310,23.796,82.343,22.357,78.444,25.637,62.769,16.356,54.952,12.402,40.387,10.326,60.251,15.326,65.218,17.646,96.291,25.754,87.949,28.140,98.921,28.600,118.870,35.545,124.452,41.286,95.122,35.660,88.542,25.753,67.905,18.573,69.122,12.241
35,NAVARRA,34.462,8.224,41.540,7.645,63.227,11.870,63.703,24.706,64.812,38.908,66.496,28.457,69.611,37.736,91.651,41.087,72.222,40.183,73.371,24.178,63.202,11.314,46.998,9.233,36.577,8.006,43.884,7.867,58.716,11.660,69.750,22.923,70.813,33.698,70.294,31.388,72.289,39.137,95.814,43.776,75.922,40.473,77.545,23.442,64.772,10.180,50.657,9.807,39.004,7.522,49.054,9.535,24.062,4.585,0,0,2.261,228,17.022,1.896,44.643,12.092,57.309,11.853,40.200,6.794,28.548,5.700,15.825,1.824,18.495,2.320,19.374,2.138,23.930,2.285,27.341,2.837,29.023,3.202,39.412,5.925,47.726,7.856,65.830,16.395,95.560,24.286,68.208,25.557,76.267,18.405,50.216,10.885,40.190,6.581,29.734,6.802,43.592,8.379,51.681,11.633,67.900,23.867,61.664,32.934,66.879,29.313,69.289,34.930,85.584,45.586,70.809,37.234,76.216,23.198,54.646,12.227,46.776,10.187
36,OURENSE,16.645,1.862,19.677,2.528,27.344,2.067,23.238,3.239,23.998,4.070,25.353,3.554,25.989,5.506,35.014,5.920,28.992,5.748,27.644,4.353,24.376,2.029,19.594,3.097,15.911,1.812,18.899,1.760,25.776,2.424,28.410,3.178,24.912,4.309,25.377,4.715,31.322,3.977,39.201,5.835,30.828,5.141,28.890,3.884,25.953,2.471,22.353,2.567,17.556,2.061,23.480,2.871,13.581,1.791,0,0,876,16,8.032,266,18.086,1.269,29.238,2.120,19.120,1.517,11.576,894,7.451,428,8.972,506,6.801,465,6.118,558,12.148,640,14.687,1.054,17.149,1.158,19.174,2.243,29.725,2.183,39.765,3.603,28.985,2.998,27.606,3.191,21.166,1.749,19.722,1.290,13.326,959,19.981,1.733,20.122,1.427,26.880,2.827,25.904,3.530,27.538,4.128,28.671,4.180,40.206,5.437,29.880,4.515,28.596,3.452,22.520,2.254,20.757,1.914
37,PALENCIA,6.347,1.654,6.982,983,10.569,1.654,11.900,4.851,12.948,6.849,14.461,6.014,15.888,5.810,18.415,7.426,15.570,6.418,15.498,4.639,11.270,1.894,10.231,1.505,7.567,1.579,7.749,1.062,11.487,1.997,12.886,5.141,13.665,6.124,14.832,5.568,14.077,5.882,19.398,8.296,14.827,5.968,13.608,3.956,10.300,2.178,9.206,1.728,7.879,1.557,10.054,1.509,5.255,787,0,0,.,.,.,.,9.749,1.814,12.890,2.141,9.859,1.026,7.238,972,3.364,548,2.523,594,2.029,497,2.631,353,3.905,316,4.363,375,6.758,1.233,10.330,1.122,14.097,2.743,20.077,2.825,14.075,4.113,14.786,3.380,9.758,1.576,7.585,657,6.721,894,9.543,1.076,9.809,1.470,14.038,3.106,12.855,6.288,14.017,5.648,16.797,6.024,20.973,8.413,16.072,6.908,14.004,4.875,12.180,1.263,8.112,1.293
38,PONTEVEDRA,45.209,8.382,44.496,10.320,65.243,14.032,69.686,23.768,74.112,34.219,100.052,38.171,145.893,43.170,189.670,49.896,120.389,53.661,90.289,30.712,62.831,11.172,61.200,14.362,43.020,8.304,45.825,8.741,58.539,14.926,82.136,32.861,80.340,45.388,104.025,53.235,158.326,45.784,187.200,55.712,121.528,64.635,93.548,35.180,64.208,13.144,79.829,11.671,47.932,8.603,48.680,10.811,20.008,5.364,0,0,1.236,210,18.340,924,100.636,10.868,139.227,15.417,70.658,8.236,43.180,5.624,14.584,1.489,13.637,1.424,10.899,1.743,11.886,1.418,25.730,1.845,26.433,2.289,44.741,5.479,76.867,16.961,151.982,19.722,194.589,30.259,117.065,30.996,94.488,26.384,60.501,8.870,68.570,7.194,30.782,5.105,41.780,8.476,46.776,11.223,79.816,29.273,79.215,44.016,105.027,44.002,173.123,45.052,201.361,54.275,123.636,58.969,95.810,36.607,64.716,11.522,79.742,24.449
39,SALAMANCA,33.683,13.075,41.395,14.693,59.035,18.514,59.227,26.312,56.875,32.960,57.018,29.482,66.789,35.973,87.219,40.344,71.905,34.515,64.038,29.880,53.732,18.651,50.265,15.021,34.111,13.699,42.450,13.851,59.196,20.277,65.813,29.586,62.485,35.900,63.995,30.679,67.459,33.660,94.824,41.479,67.542,34.303,65.345,31.494,54.505,19.663,51.971,18.059,38.936,16.679,48.939,17.608,18.453,6.731,0,0,361,29,5.770,843,34.877,8.096,53.397,9.076,28.092,6.408,18.369,4.175,7.838,1.075,7.829,1.202,6.753,1.114,8.729,824,14.084,1.332,14.908,1.282,28.438,4.231,39.554,7.592,61.599,13.584,86.629,19.962,66.541,15.894,66.314,20.395,47.090,11.236,43.750,9.107,28.555,8.358,42.586,9.207,42.690,12.551,63.825,20.818,52.592,24.569,56.820,23.976,66.198,34.909,83.128,39.268,66.176,28.791,64.436,27.964,43.816,15.859,48.700,16.688
40,SEGOVIA,19.248,4.261,21.569,3.956,27.899,4.461,27.761,7.260,29.105,10.199,34.004,9.475,38.820,9.634,48.071,9.818,36.634,10.251,34.212,11.073,29.245,5.330,27.255,3.655,21.106,4.367,24.627,3.981,31.091,5.426,32.202,9.074,31.075,13.099,36.564,12.467,39.654,10.657,50.928,9.458,37.964,12.735,34.864,11.217,28.167,5.531,29.871,4.681,20.946,5.215,28.433,3.785,9.592,1.753,0,0,.,.,.,.,22.958,2.266,30.052,2.803,16.765,1.502,11.394,1.164,2.183,348,2.783,308,1.799,181,2.374,353,5.491,473,5.316,419,13.721,1.368,22.788,2.189,40.941,4.647,56.120,6.047,31.690,6.762,37.595,5.820,23.758,3.992,21.647,2.751,16.875,2.331,23.119,2.604,24.782,3.388,32.177,6.680,27.653,7.892,35.036,7.821,41.710,10.371,47.996,8.205,34.357,10.228,33.298,7.653,26.786,4.090,24.301,3.197
41,SEVILLA,110.493,111.525,126.248,119.538,136.839,140.326,140.144,180.120,139.364,192.498,136.459,183.022,113.274,164.041,115.225,184.707,118.627,194.511,143.828,196.196,147.208,139.011,129.038,123.590,114.308,116.517,136.007,123.429,155.556,159.762,138.957,190.989,151.571,202.251,133.446,180.603,118.676,162.935,126.336,192.100,134.919,205.586,142.151,220.761,142.107,148.955,143.278,125.338,123.932,127.669,140.299,120.401,64.032,54.140,0,0,3.175,269,25.320,2.680,64.407,18.440,68.940,24.072,76.559,15.728,73.603,17.132,39.888,5.185,48.476,7.583,42.298,5.175,46.715,3.666,60.181,5.788,65.594,10.092,93.758,24.057,113.507,41.587,122.330,55.186,130.389,74.687,133.622,81.845,152.279,107.062,144.322,86.826,133.089,67.503,112.980,57.187,140.464,75.734,151.606,107.515,166.182,132.923,160.761,162.280,175.085,138.129,138.999,123.990,147.417,161.425,164.561,160.402,163.745,166.288,159.021,112.726,142.195,100.802
42,SORIA,9.827,656,11.924,738,16.416,1.008,19.021,1.381,18.366,1.570,19.245,2.319,26.126,2.066,30.181,2.350,20.077,2.487,20.784,1.488,16.880,1.062,13.326,751,8.825,560,11.912,698,17.623,842,18.943,1.598,19.044,1.858,20.005,1.880,21.197,1.815,28.629,1.665,19.664,2.314,20.373,1.801,16.214,887,14.046,809,9.660,749,15.473,858,5.579,175,0,0,212,2,2.417,171,13.710,703,19.635,873,12.539,657,13.676,953,1.871,149,2.489,190,2.151,222,2.517,210,4.672,253,6.224,153,9.587,518,16.086,785,20.352,1.143,27.213,1.407,19.798,1.716,19.913,1.637,12.899,1.611,9.765,951,7.752,701,12.945,656,12.688,726,18.243,1.239,17.555,1.979,17.976,1.766,20.550,2.614,27.046,1.999,19.860,1.899,20.812,1.834,14.828,1.007,11.932,601
43,STA. CRUZ DE TENERIFE,50.903,242.063,54.544,246.496,75.746,277.176,71.742,245.271,84.780,219.770,98.003,217.667,112.404,242.147,131.713,238.779,97.848,230.907,85.037,274.695,60.630,257.873,69.736,258.705,56.933,259.236,60.892,254.837,76.524,281.977,94.482,249.957,96.138,232.547,114.963,225.949,128.382,243.367,152.701,240.470,110.743,229.217,95.268,270.551,77.832,261.921,79.092,255.914,63.020,258.293,69.094,268.200,24.298,110.788,0,0,354,60,4.923,511,37.640,29.921,92.950,43.294,74.263,25.474,54.168,26.099,28.229,32.811,29.350,39.801,19.366,18.085,29.344,19.558,38.329,25.536,38.697,32.306,56.402,37.490,75.420,46.418,121.343,87.580,151.804,135.843,106.741,153.639,99.379,231.814,70.673,227.561,77.897,199.285,48.694,184.433,64.206,236.632,71.225,262.334,97.456,260.334,107.534,224.717,116.503,228.907,139.005,249.417,144.470,253.837,116.456,231.534,98.347,279.713,79.779,268.582,83.526,296.760
44,TARRAGONA,27.010,10.372,35.863,12.075,85.864,19.643,156.941,90.251,151.679,163.405,213.577,182.439,236.260,234.064,266.847,245.641,194.362,176.690,127.801,118.872,59.846,19.578,77.145,16.611,32.028,9.237,42.175,10.236,64.897,19.245,175.895,88.187,160.366,156.319,239.052,194.937,236.756,234.361,266.390,254.469,179.434,184.364,113.778,117.268,69.365,20.608,77.430,18.035,37.966,12.939,43.659,11.252,16.045,4.998,0,0,1.949,421,27.102,3.252,145.931,37.705,239.795,50.176,127.752,18.283,47.269,9.858,11.196,2.235,14.201,2.854,9.267,2.095,10.914,1.660,23.379,3.045,30.568,4.139,73.839,11.122,201.551,27.916,298.021,73.108,349.236,109.468,208.406,63.595,143.337,71.383,51.846,19.985,62.684,16.169,32.921,10.416,33.408,9.522,43.415,13.987,179.316,72.714,197.388,139.713,297.668,137.196,290.026,212.123,285.189,230.290,200.566,158.793,146.433,106.469,58.339,25.306,88.032,21.041
45,TERUEL,21.390,2.526,24.682,1.997,34.085,4.283,33.365,5.167,29.065,6.356,32.371,5.163,35.682,5.077,55.173,5.673,36.873,7.554,34.115,6.473,28.359,3.468,27.054,2.416,18.494,3.050,25.790,2.586,32.784,3.489,38.394,6.075,30.021,6.244,34.382,4.945,36.672,5.275,54.667,5.719,34.193,7.329,34.642,6.791,29.358,2.680,28.086,3.099,24.658,3.635,31.797,3.263,11.937,2.299,0,0,765,164,5.279,325,22.446,2.066,34.198,2.688,26.755,1.991,20.809,2.356,3.566,898,2.901,617,2.594,421,3.348,374,6.123,776,8.671,850,16.008,1.954,26.841,2.429,36.922,4.071,53.609,3.355,36.167,5.458,40.006,4.603,25.034,2.667,25.012,1.903,19.732,1.898,23.868,1.887,23.764,3.057,40.047,4.512,30.250,5.111,33.273,4.643,34.592,4.757,49.383,5.577,36.676,6.552,39.289,5.327,25.098,3.394,26.117,1.909
46,TOLEDO,38.174,12.139,42.220,13.507,47.057,17.068,53.194,22.490,44.737,27.025,49.956,23.844,44.732,23.264,53.772,25.169,52.845,27.653,51.833,28.201,46.900,18.249,45.758,14.251,34.984,13.691,43.536,13.884,50.372,17.885,49.167,24.117,45.945,29.841,49.437,26.520,46.959,24.818,55.927,26.444,52.362,28.655,53.007,29.541,46.961,18.773,49.272,11.739,35.225,17.249,47.373,12.964,17.534,4.147,0,0,946,37,6.215,605,26.026,4.246,37.099,4.712,23.873,2.776,20.834,2.437,10.883,825,11.504,867,8.541,935,11.136,1.026,15.820,1.272,17.204,1.547,30.671,3.345,42.385,5.528,50.867,9.149,66.187,11.271,55.526,10.665,62.256,11.100,45.443,8.436,43.891,7.797,33.217,6.088,41.121,7.452,39.493,11.126,59.140,14.508,58.488,16.296,59.470,15.968,54.438,17.222,62.622,20.135,63.058,18.323,65.061,19.040,46.495,12.790,47.920,12.283
47,VALENCIA,91.056,83.811,127.512,92.817,172.764,111.151,164.020,129.502,162.052,136.143,191.110,134.516,183.869,146.709,190.038,157.440,166.285,140.627,147.256,138.280,133.540,113.458,124.990,87.052,106.393,91.809,130.200,96.118,171.480,117.357,161.708,143.282,180.784,149.454,202.987,146.670,192.539,157.018,182.230,167.257,152.626,149.584,147.401,144.989,146.636,119.067,126.829,89.551,109.227,99.192,137.049,100.291,46.360,29.262,0,0,5.950,650,35.476,5.552,115.693,39.567,149.356,44.211,98.927,22.395,86.312,20.095,56.524,12.827,58.247,10.886,38.843,9.394,42.170,8.136,64.460,12.506,74.992,14.785,119.752,26.848,164.909,43.793,199.856,87.770,218.372,110.061,171.396,94.206,159.452,100.288,124.807,80.484,116.542,62.649,98.146,49.897,134.112,67.378,158.121,88.282,187.588,117.070,185.418,135.221,208.777,126.241,216.352,155.496,199.207,167.917,181.953,137.372,165.661,139.364,148.180,100.210,140.763,84.102
48,VALLADOLID,42.667,6.000,38.788,6.236,51.435,8.602,49.394,10.270,52.543,13.292,53.618,10.712,46.641,16.976,51.949,26.468,54.542,13.347,56.249,11.128,51.938,8.696,50.353,6.776,43.187,5.842,43.041,5.477,50.429,7.556,50.963,10.035,57.604,12.603,54.994,12.636,51.324,15.978,54.316,25.053,54.895,13.992,55.574,11.569,54.805,8.386,49.269,5.982,41.138,6.018,47.876,6.516,20.388,2.372,0,0,1.099,52,8.723,924,27.958,4.986,31.817,6.319,28.343,3.329,21.610,2.588,12.949,1.630,15.175,1.901,9.277,1.208,12.231,963,20.034,1.392,16.292,1.375,30.700,2.750,43.781,4.774,44.703,7.776,58.233,13.476,51.085,9.669,54.431,10.485,52.281,7.056,38.038,5.003,30.617,4.299,38.712,4.501,43.857,6.735,46.585,8.736,45.948,10.184,55.403,11.502,50.481,19.806,51.303,25.507,56.779,14.757,54.395,10.878,48.705,7.150,44.018,6.380
49,ZAMORA,9.774,1.020,11.534,941,17.061,1.715,18.078,2.138,19.098,4.429,21.952,3.294,26.569,2.901,33.608,4.127,24.579,4.080,24.191,3.128,16.565,1.255,15.481,1.179,10.789,975,11.528,1.061,17.598,1.621,21.819,3.108,22.060,4.348,22.664,3.912,26.160,3.548,34.660,3.744,24.337,3.894,22.644,3.079,16.682,1.300,14.975,1.235,10.811,1.100,13.109,1.456,5.905,408,0,0,.,0,.,.,14.119,962,19.987,1.457,11.987,904,8.559,955,3.654,221,3.078,307,2.580,201,2.833,261,4.871,323,5.625,374,8.600,737,13.332,1.260,23.579,2.002,30.381,2.278,22.615,2.939,22.779,2.063,14.410,1.029,11.879,672,7.059,710,10.867,709,12.588,1.027,18.091,2.099,16.021,3.963,19.716,3.009,23.875,3.170,28.859,3.689,20.783,3.391,20.858,2.809,14.033,1.396,11.229,986
50,ZARAGOZA,70.065,20.858,80.502,22.258,101.995,27.750,105.925,35.980,101.939,45.490,100.673,41.887,98.734,45.692,115.339,51.384,104.106,43.021,110.176,38.226,92.970,30.386,88.394,23.486,65.845,21.623,75.456,24.932,98.947,32.447,105.409,36.186,104.044,47.922,103.961,41.866,100.630,45.244,116.923,52.307,107.277,46.703,107.222,45.342,91.282,34.060,92.373,26.269,70.822,28.227,83.185,24.440,44.557,9.193,0,0,5.532,569,24.300,2.892,43.532,11.948,42.246,9.378,50.216,7.285,45.554,7.468,24.811,3.401,27.420,3.221,25.518,3.726,29.545,3.329,36.086,4.268,35.486,3.838,53.811,7.835,66.744,10.597,82.567,21.004,108.589,28.159,96.322,24.074,106.221,23.056,84.238,19.563,71.402,14.620,47.469,11.680,64.237,15.637,79.611,19.844,105.153,27.162,91.928,28.941,95.814,29.565,93.812,38.013,107.262,50.810,98.802,37.120,111.251,32.221,87.803,21.133,86.404,20.346
